﻿<?xml version="1.0" encoding="utf-8" ?>
<!--Note: Column mappings in SqlBulkCopy are case sensitive-->
<TableMapping>
	<Insert>
		<Table Name="ShopperEntryTP_Mirror" PrimaryKey="ID" DateColumn = "Time">
			<Column Name="ID" Type="System.Int32"/>
			<Column Name="Time" Type="System.DateTime"/>
			<Column Name="Enter" Type="System.Int32"/>
			<Column Name="Exit" Type="System.Int32"/>
			<Column Name="DeviceId" Type="System.Int32"/>
			<Column Name="DefaultStoreID" Type="System.Int32" Cloud="StoreID"/>
		</Table>
		<Table Name="Customer" PrimaryKey="ID" DateColumn="FirstSeen">
			<Column Name="ID" Type="System.Int32" />
			<Column Name="CustomerID" Type="System.Guid" />
			<Column Name="Bounce" Type="System.Boolean" />
			<Column Name="Shopper" Type="System.Boolean" />
			<Column Name="Buyer" Type="System.Boolean" />
			<Column Name="RSP" Type="System.Boolean" />
			<Column Name="DidMS" Type="System.Boolean" />
			<Column Name="DidApple" Type="System.Boolean" />
			<Column Name="DidAndroid" Type="System.Boolean" />
			<Column Name="FirstSeen" Type="System.DateTime" />
			<Column Name="LastSeen" Type="System.DateTime" />
			<Column Name="DefaultStoreID" Type="System.Int32" Cloud="StoreID"/>
			<Column Name="AGE" Type="System.Int32" />
			<Column Name="Gender" Type="System.Int32" />
			<Column Name="Explorer" Type="System.Boolean" />
		</Table>
		<Table Name="CustomerTrackingDate_Ex" PrimaryKey="ID">
			<Column Name="ID" Type="System.Int32"/>
			<Column Name="DefaultStoreID" Type="System.Int32" Cloud="StoreID"/>
			<Column Name="FloormapID" Type="System.Int32"/>
			<Column Name="tx" Type="System.Int32"/>
			<Column Name="ty" Type="System.Int32"/>
			<Column Name="Tracking_Date" Type="System.DateTime"/>
			<Column Name="Tracking_Count" Type="System.Int32"/>
			<Column Name="Zones" Type="System.String"/>
		</Table>
		<Table Name="CustomerTrackingDate_Dr" PrimaryKey="ID">
			<Column Name="ID" Type="System.Int32"/>
			<Column Name="DefaultStoreID" Type="System.Int32" Cloud="StoreID"/>
			<Column Name="FloormapID" Type="System.Int32"/>
			<Column Name="tx" Type="System.Int32"/>
			<Column Name="ty" Type="System.Int32"/>
			<Column Name="Tracking_Date" Type="System.DateTime"/>
			<Column Name="Tracking_Count" Type="System.Int32"/>
			<Column Name="Zones" Type="System.String"/>
			<Column Name="AgeGroup" Type="System.Int32"/>
			<Column Name="Gender" Type="System.Int32"/>
			<Column Name="Explorer" Type="System.Boolean" />
		</Table>
		<Table Name="ShopperTrackingDate_Dr" PrimaryKey="ID">
			<Column Name="ID" Type="System.Int32"/>
			<Column Name="DefaultStoreID" Type="System.Int32" Cloud="StoreID"/>
			<Column Name="FloormapID" Type="System.Int32"/>
			<Column Name="tx" Type="System.Int32"/>
			<Column Name="ty" Type="System.Int32"/>
			<Column Name="Tracking_Date" Type="System.DateTime"/>
			<Column Name="Tracking_Count" Type="System.Int32"/>
			<Column Name="TrackingLength" Type="System.Int32"/>
			<Column Name="Zones" Type="System.String"/>
			<Column Name="AgeGroup" Type="System.Int32"/>
			<Column Name="Gender" Type="System.Int32"/>
			<Column Name="Explorer" Type="System.Boolean" />
		</Table>

		<Table Name="JunctionTemp" PrimaryKey="ID">
			<Column Name="ID" Type="System.Int32"/>
			<Column Name="DefaultStoreID" Type="System.Int32" Cloud="StoreID"/>
			<Column Name="DisplayAreaID" Type="System.Int32"/>
			<Column Name="CustomerID" Type="System.String"/>
			<Column Name="Time" Type="System.DateTime"/>
		</Table>
		<Table Name="Customer_Ex" PrimaryKey="ID">
			<Column Name="ID" Type="System.Int32"/>
			<Column Name="DefaultStoreID" Type="System.Int32" Cloud="StoreID"/>
			<Column Name="Bounce" Type="System.Boolean"/>
			<Column Name="Shopper" Type="System.Boolean"/>
			<Column Name="Buyer" Type="System.Boolean"/>
			<Column Name="RSP" Type="System.Boolean"/>
			<Column Name="Date" Type="System.DateTime"/>
			<Column Name="Count" Type="System.Int32"/>
			<Column Name="TimeDiff_Sum" Type="System.Int32"/>
		</Table>
		<Table Name="PathTracking_Dr" PrimaryKey="ID">
			<Column Name="ID" Type="System.Int32"/>
			<Column Name="DefaultStoreID" Type="System.Int32" Cloud="StoreID"/>
			<Column Name="DisplayAreaID" Type="System.Int32"/>
			<Column Name="CustomerID" Type="System.Int32"/>
			<Column Name="Time" Type="System.DateTime"/>
			<Column Name="FloormapID" Type="System.Int32"/>
			<Column Name="JRank" Type="System.Int32"/>
			<Column Name="AgeGroupID" Type="System.Int32"/>
			<Column Name="Gender" Type="System.Int32"/>
			<Column Name="Explorer" Type="System.Boolean"/>
		</Table>
		<Table Name="Interaction_Ex" PrimaryKey="ID">
			<Column Name="ID" Type="System.Int32"/>
			<Column Name="DefaultStoreID" Type="System.Int32" Cloud="StoreID"/>
			<Column Name="FloormapID" Type="System.Int32"/>
			<Column Name="ProductLocationID" Type="System.Int32"/>
			<Column Name="ProductID" Type="System.Int32"/>
			<Column Name="InteractionTime" Type="System.DateTime"/>
			<Column Name="CustomerID" Type="System.Int32"/>
			<Column Name="InteractionLength" Type="System.Int32"/>
		</Table>
		<Table Name="Customer_DR" PrimaryKey="ID">
			<Column Name="ID" Type="System.Int32"/>
			<Column Name="DefaultStoreID" Type="System.Int32" Cloud="StoreID"/>
			<Column Name="Bounce" Type="System.Boolean"/>
			<Column Name="Shopper" Type="System.Boolean"/>
			<Column Name="Buyer" Type="System.Boolean"/>
			<Column Name="RSP" Type="System.Boolean"/>
			<Column Name="Date" Type="System.DateTime"/>
			<Column Name="Count" Type="System.Int32"/>
			<Column Name="TimeDiff_Sum" Type="System.Int32"/>
			<Column Name="AgeGroupID" Type="System.Int32"/>
			<Column Name="Gender" Type="System.Int32"/>
			<Column Name="Explorer" Type="System.Boolean"/>
		</Table>
		<Table Name="CompressedFlow_Dr" PrimaryKey="ID">
			<Column Name="ID" Type="System.Int32"/>
			<Column Name="DefaultStoreID" Type="System.Int32" Cloud="StoreID"/>
			<Column Name="FloormapID" Type="System.Int32"/>
			<Column Name="ADateHour" Type="System.DateTime"/>
			<Column Name="BDateHour" Type="System.DateTime"/>
			<Column Name="A2BTimeSum" Type="System.Int32"/>
			<Column Name="B2ATimeSum" Type="System.Int32"/>
			<Column Name="A2B" Type="System.Int32"/>
			<Column Name="B2A" Type="System.Int32"/>
			<Column Name="DisplayAreaID1" Type="System.Int32"/>
			<Column Name="DisplayAreaID2" Type="System.Int32"/>
		</Table>
		<Table Name="CustomerToDisplayArea" PrimaryKey="ID">
			<Column Name="ID" Type="System.Int32"/>
			<Column Name="DefaultStoreID" Type="System.Int32" Cloud="StoreID"/>
			<Column Name="DisplayAreaID" Type="System.Int32"/>
			<Column Name="CustomerCount" Type="System.Int32"/>
			<Column Name="DATE" Type="System.DateTime"/>
		</Table>
		<Table Name="JunctionInformation" PrimaryKey="ID">
			<Column Name="ID" Type="System.Int32"/>
			<Column Name="DefaultStoreID" Type="System.Int32" Cloud="StoreID"/>
			<Column Name="JunctionID" Type="System.Int32"/>
			<Column Name="Neighbors" Type="System.String"/>
		</Table>
		<Table Name="Interaction_Ex" PrimaryKey="ID">
			<Column Name="ID" Type="System.Int32"/>
			<Column Name="DefaultStoreID" Type="System.Int32" Cloud="StoreID"/>
			<Column Name="FloormapID" Type="System.Int32"/>
			<Column Name="ProductLocationID" Type="System.Int32"/>
			<Column Name="ProductID" Type="System.Int32"/>
			<Column Name="InteractionTime" Type="System.DateTime"/>
			<Column Name="CustomerID" Type="System.String"/>
			<Column Name="InteractionLength" Type="System.Int32"/>
		</Table>
		<Table Name="InteractionDateApple_Ex" PrimaryKey="ID">
			<Column Name="ID" Type="System.Int32"/>
			<Column Name="DefaultStoreID" Type="System.Int32" Cloud="StoreID"/>
			<Column Name="FloormapID" Type="System.Int32"/>
			<Column Name="ProductLocationID" Type="System.Int32"/>
			<Column Name="ProductID" Type="System.Int32"/>
			<Column Name="Interaction_Date" Type="System.DateTime"/>
			<Column Name="Interaction_Count" Type="System.Int32"/>
			<Column Name="InteractionLength_Sum" Type="System.Int32"/>
			<Column Name="CustomerCount" Type="System.Int32"/>
		</Table>
		<Table Name="InteractionDate_Ex" PrimaryKey="ID">
			<Column Name="ID" Type="System.Int32"/>
			<Column Name="DefaultStoreID" Type="System.Int32" Cloud="StoreID"/>
			<Column Name="FloormapID" Type="System.Int32"/>
			<Column Name="ProductLocationID" Type="System.Int32"/>
			<Column Name="ProductID" Type="System.Int32"/>
			<Column Name="Interaction_Date" Type="System.DateTime"/>
			<Column Name="Interaction_Count" Type="System.Int32"/>
			<Column Name="InteractionLength_Sum" Type="System.Int32"/>
			<Column Name="CustomerCount" Type="System.Int32"/>
		</Table>
		<Table Name="InteractionHour_Ex" PrimaryKey="ID">
			<Column Name="ID" Type="System.Int32"/>
			<Column Name="DefaultStoreID" Type="System.Int32" Cloud="StoreID"/>
			<Column Name="FloormapID" Type="System.Int32"/>
			<Column Name="ProductLocationID" Type="System.Int32"/>
			<Column Name="ProductID" Type="System.Int32"/>
			<Column Name="Interaction_Date" Type="System.DateTime"/>
			<Column Name="Interaction_Count" Type="System.Int32"/>
			<Column Name="Interaction_Length_Sum" Type="System.Int32"/>
			<Column Name="CustomerCount" Type="System.Int32"/>
		</Table>
		<Table Name="CustomerInteraction_EX" PrimaryKey="ID">
			<Column Name="ID" Type="System.Int32"/>
			<Column Name="DefaultStoreID" Type="System.Int32" Cloud="StoreID"/>
			<Column Name="DisplayAreaID" Type="System.Int32"/>
			<Column Name="Interaction_Date" Type="System.DateTime"/>
			<Column Name="CustomerCount" Type="System.Int32"/>
			<Column Name="InteractionLengthSum" Type="System.Int32"/>
		</Table>
		<Table Name="CompressedPaths" PrimaryKey="ID">
			<Column Name="ID" Type="System.Int32"/>
			<Column Name="DefaultStoreID" Type="System.Int32" Cloud="StoreID"/>
			<Column Name="Date" Type="System.DateTime"/>
			<Column Name="Count" Type="System.Int32"/>
			<Column Name="JPath" Type="System.String"/>
			<Column Name="FloormapID" Type="System.Int32"/>
			<Column Name="JLength" Type="System.Int32"/>
		</Table>
		<Table Name="CompressedPathsDR" PrimaryKey="ID">
			<Column Name="ID" Type="System.Int32"/>
			<Column Name="DefaultStoreID" Type="System.Int32" Cloud="StoreID"/>
			<Column Name="Date" Type="System.DateTime"/>
			<Column Name="Count" Type="System.Int32"/>
			<Column Name="JPath" Type="System.String"/>
			<Column Name="FloormapID" Type="System.Int32"/>
			<Column Name="JLength" Type="System.Int32"/>
			<Column Name="AgeGroupID" Type="System.Int32"/>
			<Column Name="Gender" Type="System.Int32"/>
		</Table>
		<Table Name="InteractionTrackingDate_Ex" PrimaryKey="ID">
			<Column Name="ID" Type="System.Int32"/>
			<Column Name="DefaultStoreID" Type="System.Int32" Cloud="StoreID"/>
			<Column Name="FloormapID" Type="System.Int32"/>
			<Column Name="ProductLocationID" Type="System.Int32"/>
			<Column Name="ProductID" Type="System.Int32"/>
			<Column Name="Interaction_Date" Type="System.DateTime"/>
			<Column Name="Interaction_Count" Type="System.Int32"/>
			<Column Name="ix" Type="System.Int32"/>
			<Column Name="iy" Type="System.Int32"/>
			<Column Name="iz" Type="System.Int32"/>
			<Column Name="InteractionLength_Sum" Type="System.Int32"/>
			<Column Name="DisplayAreaID" Type="System.Int32"/>
		</Table>
		<Table Name="InteractionProduct_Ex" PrimaryKey="ID">
			<Column Name="ID" Type="System.Int32"/>
			<Column Name="DefaultStoreID" Type="System.Int32" Cloud="StoreID"/>
			<Column Name="InteractionDate" Type="System.DateTime"/>
			<Column Name="ProductID1" Type="System.Int32"/>
			<Column Name="ProductID2" Type="System.Int32"/>
			<Column Name="ProductLocationID1" Type="System.Int32"/>
			<Column Name="ProductLocationID2" Type="System.Int32"/>
			<Column Name="ViewCount" Type="System.Int32"/>
		</Table>
		<Table Name="ShopperToDisplayArea_EX" PrimaryKey="ID">
			<Column Name="ID" Type="System.Int32"/>
			<Column Name="DefaultStoreID" Type="System.Int32" Cloud="StoreID"/>
			<Column Name="Date" Type="System.DateTime"/>
			<Column Name="CustomerCount" Type="System.Int32"/>
			<Column Name="DisplayAreaID" Type="System.Int32"/>
		</Table>
		<Table Name="ShopperInteraction_EX" PrimaryKey="ID">
			<Column Name="ID" Type="System.Int32"/>
			<Column Name="DefaultStoreID" Type="System.Int32" Cloud="StoreID"/>
			<Column Name="Interaction_Date" Type="System.DateTime"/>
			<Column Name="CustomerCount" Type="System.Int32"/>
			<Column Name="DisplayAreaID" Type="System.Int32"/>
			<Column Name="InteractionLengthSum" Type="System.Int32"/>
		</Table>
		<Table Name="CustomerShopper_EX" PrimaryKey="ID">
			<Column Name="ID" Type="System.Int32"/>
			<Column Name="DefaultStoreID" Type="System.Int32" Cloud="StoreID"/>
			<Column Name="Bounce" Type="System.Boolean"/>
			<Column Name="Shopper" Type="System.Boolean"/>
			<Column Name="Buyer" Type="System.Boolean"/>
			<Column Name="RSP" Type="System.Boolean"/>
			<Column Name="Count" Type="System.Int32"/>
			<Column Name="Time" Time="" Type="System.DateTime"/>
		</Table>
		<Table Name="ShopperEntry_EX" PrimaryKey="ID">
			<Column Name="ID" Type="System.Int32"/>
			<Column Name="DefaultStoreID" Type="System.Int32" Cloud="StoreID"/>
			<Column Name="ShoppersCount" Type="System.Int32"/>
			<Column Name="Time" Type="System.DateTime"/>
		</Table>
		<Table Name="ShopperEntryTP" PrimaryKey="ID" DateColumn = "Time">
			<Column Name="ID" Type="System.Int32"/>
			<Column Name="Time" Type="System.DateTime"/>
			<Column Name="Enter" Type="System.Int32"/>
			<Column Name="[Exit]" Type="System.Int32"/>
			<Column Name="DeviceId" Type="System.Int32"/>
			<Column Name="DefaultStoreID" Type="System.Int32" Cloud="StoreID"/>
		</Table>
		<Table Name="ShopperEntryTP_Ex" PrimaryKey="ID" DateColumn = "Date">
			<Column Name="DefaultStoreID" Type="System.Int32" Cloud="StoreID"/>
			<Column Name="ID" Type="System.Int32"/>
			<Column Name="Date" Type="System.DateTime"/>
			<Column Name="TimePeriodStartUTC" Type="System.Date"/>
			<Column Name="EntryCounts" Type="System.Int32"/>
			<Column Name="ExitCounts" Type="System.Int32"/>
		</Table>
		<Table Name="ShopperEntry" PrimaryKey="ID">
			<Column Name="ID" Type="System.Int32"/>
			<Column Name="EntranceID" Type="System.Int32"/>
			<Column Name="DefaultStoreID" Type="System.Int32" Cloud="StoreID"/>
			<Column Name="CustomerID" Type="System.String"/>
			<Column Name="ExitEnter" Type="System.Int16"/>
			<Column Name="Time" Type="System.DateTime"/>
		</Table>
		<Table Name="Interaction" PrimaryKey="InteractionID" DateColumn = "InteractionTime">
			<Column Name="InteractionID" Type="System.Int32"/>
			<Column Name="CurtainID" Type="System.Int32"/>
			<Column Name="ProductLocationID" Type="System.Int32"/>
			<Column Name="ProductID" Type="System.Int32"/>
			<Column Name="CustomerID" Type="System.String"/>
			<Column Name="DeviceID" Type="System.Int32"/>
			<Column Name="InteractionTime" Type="System.DateTime"/>
			<Column Name="ix" Type="System.Int32"/>
			<Column Name="iy" Type="System.Int32"/>
			<Column Name="iz" Type="System.Int32"/>
			<Column Name="sx" Type="System.Int32"/>
			<Column Name="sy" Type="System.Int32"/>
			<Column Name="sz" Type="System.Int32"/>
			<Column Name="InteractionLength" Type="System.Int32"/>
			<Column Name="DefaultStoreID" Type="System.Int32" Cloud="StoreID"/>
			<Column Name="FloormapID" FloormapID="" Type="System.Int32"/>
		</Table>
		<Table Name="Zone2Interaction" PrimaryKey="ID">
			<Column Name="ID" Type="System.Int32"/>
			<Column Name="ZoneID" Type="System.Int32"/>
			<Column Name="InteractionID" Type="System.Int32"/>
			<Column Name="DefaultStoreID" Type="System.Int32" Cloud="StoreID"/>
		</Table>
		<Table Name="CustomerTracking" PrimaryKey="TrackingID">
			<Column Name="TrackingID" Type="System.Int32"/>
			<Column Name="CustomerID" Type="System.String"/>
			<Column Name="DeviceID" Type="System.Int32"/>
			<Column Name="TrackingTime" Type="System.DateTime"/>
			<Column Name="tx" Type="System.Int32"/>
			<Column Name="ty" Type="System.Int32"/>
			<Column Name="tz" Type="System.Int32"/>
			<Column Name="DefaultStoreID" Type="System.Int32" Cloud="StoreID"/>
			<Column Name="RSPEngage" Type="System.Boolean"/>
			<Column Name="FloormapID" Type="System.Int32"/>
		</Table>
		<Table Name="Zone2CustomerTracking" PrimaryKey="ID">
			<Column Name="ID" Type="System.Int32"/>
			<Column Name="ZoneID" Type="System.Int32"/>
			<Column Name="TrackingID" Type="System.Int32"/>
			<Column Name="DefaultStoreID" Type="System.Int32" Cloud="StoreID"/>
		</Table>
		<Table Name="Images" PrimaryKey="ImageID">
			<Column Name="ImageID" Type="System.Int32"/>
			<Column Name="ImageData" Type="System.Byte[]"/>
			<Column Name="DefaultStoreID" Type="System.Int32" Cloud="StoreID"/>
		</Table>
		<Table Name="HeatmapDisplayAreaInformation" PrimaryKey="DisplayAreaID">
			<Column Name="DisplayAreaID" Type="System.Int32"/>
			<Column Name="Neighbors" Type="System.String"/>
			<Column Name="DefaultStoreID" Type="System.Int32" Cloud="StoreID"/>
		</Table>
		<Table Name="PathTracking" PrimaryKey="PathTrackingID">
			<Column Name="PathTrackingID" Type="System.Int32"/>
			<Column Name="UserID" Type="System.String"/>
			<Column Name="PathXml" Type="System.String"/>
			<Column Name="Junctions" Type="System.String"/>
			<Column Name="Times" Type="System.String"/>
			<Column Name="DefaultStoreID" Type="System.Int32" Cloud="StoreID"/>
		</Table>
		<Table Name="CAG_Transaction_Ex" PrimaryKey="ID">
			<Column Name="ID" Type="System.Int32"/>
			<Column Name="DefaultStoreID" Type="System.Int32" Cloud="StoreID"/>
			<Column Name="Date" Type="System.DateTime"/>
			<Column Name="Count" Type="System.Int32"/>
			<Column Name="TimeDiff_Sum" Type="System.Int32"/>
			<Column Name="LastUpdatedUTC" Type="System.DateTime"/>
			<Column Name="TimeDiff_SumAtPOS" Type="System.Int32"/>
		</Table>
		<Table Name="CAG_TransactionInteractionHour_Ex" PrimaryKey="ID">
			<Column Name="ID" Type="System.Int32"/>
			<Column Name="DefaultStoreID" Type="System.Int32" Cloud="StoreID"/>
			<Column Name="FloormapID" Type="System.Int32"/>
			<Column Name="ProductLocationID" Type="System.Int32"/>
			<Column Name="ProductID" Type="System.Int32"/>
			<Column Name="Interaction_Date" Type="System.DateTime"/>
			<Column Name="Interaction_Count" Type="System.Int32"/>
			<Column Name="Interaction_Length_Sum" Type="System.Int32"/>
			<Column Name="TotalSold" Type="System.Int32"/>
			<Column Name="TotalTransactionAmount" Type="System.Int32"/>
			<Column Name="CustomerCount" Type="System.Int32"/>
			<Column Name="ActiveCustomerCount" Type="System.Int32"/>
			<Column Name="ActiveInteraction_Length_Sum" Type="System.Int32"/>
			<Column Name="ActiveInteraction_Count" Type="System.Int32"/>
			<Column Name="IsManual" Type="System.Boolean"/>
			<Column Name="LastUpdatedUTC" Type="System.DateTime"/>
		</Table>
		<Table Name="CAG_Transaction" PrimaryKey="TransactionID">
			<Column Name="TransactionID" Type="System.Int32"/>
			<Column Name="DefaultStoreID" Type="System.Int32" Cloud="StoreID"/>
			<Column Name="ShopperID" Type="System.Int32"/>
			<Column Name="StartTime" Type="System.DateTime"/>
			<Column Name="EndTime" Type="System.DateTime"/>
			<Column Name="POSID" Type="System.String"/>
			
		</Table>
		<Table Name="CAG_TransactionDetail" PrimaryKey="TransactionDetailID">
			<Column Name="TransactionID" Type="System.Int32"/>
			<Column Name="DefaultStoreID" Type="System.Int32" Cloud="StoreID"/>
			<Column Name="PLU" Type="System.String"/>
			<Column Name="SKUCODE" Type="System.String"/>
			<Column Name="SKUDesc" Type="System.String"/>
			<Column Name="Quantity" Type="System.Int32"/>
			<Column Name="UnitPrice" Type="System.Int32"/>
			<Column Name="ProductID" Type="System.Int32"/>
		</Table>
		<Table Name="CAG_Customer" PrimaryKey="ID">
			<Column Name="ID" Type="System.Int32"/>
			<Column Name="DefaultStoreID" Type="System.Int32" Cloud="StoreID"/>
			<Column Name="CustomerID" Type="System.Guid" />
			<Column Name="CustomerIntID" Type="System.Int32"/>
			<Column Name="FirstSeen" Type="System.DateTime"/>
			<Column Name="LastSeen" Type="System.DateTime"/>
		</Table>
		<Table Name="InteractionProductAttached_Ex" PrimaryKey="ID">
			<Column Name="ID" Type="System.Int32"/>
			<Column Name="DefaultStoreID" Type="System.Int32" Cloud="StoreID"/>
			<Column Name="InteractionDate" Type="System.DateTime"/>
			<Column Name="ProductID1" Type="System.Int32"/>
			<Column Name="ProductID2" Type="System.Int32"/>
			<Column Name="ViewCount" Type="System.Int32"/>
			<Column Name="LastUpdatedUTC" Type="System.DateTime"/>
		</Table>

		<Table Name="InteractionProductSubstitution_Ex" PrimaryKey="ID">
			<Column Name="ID" Type="System.Int32"/>
			<Column Name="DefaultStoreID" Type="System.Int32" Cloud="StoreID"/>
			<Column Name="InteractionDate" Type="System.DateTime"/>
			<Column Name="ProductID1" Type="System.Int32"/>
			<Column Name="ProductID2" Type="System.Int32"/>
			<Column Name="ViewCount" Type="System.Int32"/>
			<Column Name="LastUpdatedUTC" Type="System.DateTime"/>
		</Table>

		<Table Name="PathTrackingData_Dr" PrimaryKey="ID">
			<Column Name="ID" Type="System.Int32"/>
			<Column Name="DefaultStoreID" Type="System.Int32" Cloud="StoreID"/>
			<Column Name="DisplayAreaID" Type="System.Int32"/>
			<Column Name="CustomerID" Type="System.Int32"/>
			<Column Name="Time" Type="System.String"/>
			<Column Name="FloormapID" Type="System.Int32"/>
			<Column Name="JRank" Type="System.Int32"/>
			<Column Name="HasValidNeighbour" Type="System.Boolean"/>
			<Column Name="PathRank" Type="System.Int32"/>
			<Column Name="RepairedComment" Type="System.String"/>
			<Column Name="ValidEnterExit" Type="System.Boolean"/>
			
		</Table>
		
	</Insert>
	<Update>
		<Table Name="lStore" PrimaryKey="StoreID">
			<Column Name="DefaultStoreID" Type="System.Int32" Cloud="StoreID"/>
			<Column Name="StoreName" Type="System.String"/>
			<Column Name="StoreAddress" Type="System.String"/>
			<Column Name="IsDeleted" Type="System.Boolean"/>
			<Column Name="LastModifiedBy" Type="System.String"/>
			<Column Name="LastModifiedTime" Type="System.DateTime"/>
			<Column Name="FloorplanImageID" Type="System.Int32"/>
			<Column Name="TimeZoneMinuteOffset" Type="System.Int32"/>
			<Column Name="TimeZoneDisplayName" Type="System.String"/>
			<Column Name="TimeZoneUsesDST" Type="System.Boolean"/>
			<Column Name="TimeZoneID" Type="System.Int32"/>
		</Table>
		<Table Name="lDevice" PrimaryKey="DeviceID">
			<Column Name="DeviceID" Type="System.Int32"/>
			<Column Name="DeviceName" Type="System.String"/>
			<Column Name="DeviceUniqueID" Type="System.String"/>
			<Column Name="DefaultStoreID" Type="System.Int32" Cloud="StoreID"/>
			<Column Name="IsDeleted" Type="System.Boolean"/>
			<Column Name="LastModifiedBy" Type="System.String"/>
			<Column Name="LastModifiedTime" Type="System.DateTime"/>
			<Column Name="DeviceDepthMap" Type="System.String"/>
			<Column Name="ColorImageID" Type="System.Int32"/>
			<Column Name="DepthFrameWidth" Type="System.Int32"/>
			<Column Name="DepthFrameHeight" Type="System.Int32"/>
			<Column Name="DepthFoVScaleWidth" Type="System.Double"/>
			<Column Name="DepthFoVScaleHeight" Type="System.Double"/>
			<Column Name="Intrinsics" Type="System.String"/>
		</Table>
		<Table Name="mDevice2View" PrimaryKey="DtoVID">
			<Column Name="DtoVID" Type ="System.Int32"/>
			<Column Name="DeviceID" Type ="System.Int32"/>
			<Column Name="FloormapID" Type ="System.Int32"/>
			<Column Name="X" Type ="System.Int32"/>
			<Column Name="Y" Type ="System.Int32"/>
			<Column Name="Z" Type ="System.Int32"/>
			<Column Name="LeftMargin" Type ="System.Int32"/>
			<Column Name="TopMargin" Type ="System.Int32"/>
			<Column Name="RightMargin" Type ="System.Int32"/>
			<Column Name="BottomMargin" Type ="System.Int32"/>
			<Column Name="HorizontalRotation" Type ="System.Double"/>
			<Column Name="VerticalRotation" Type ="System.Double"/>
			<Column Name="IsDeleted" Type ="System.Boolean"/>
			<Column Name="CreatedBy" Type ="System.String"/>
			<Column Name="CreatedByTime" Type ="System.DateTime"/>
			<Column Name="LastModifiedBy" Type ="System.String"/>
			<Column Name="LastModifiedTime" Type ="System.DateTime"/>
			<Column Name="Extrinsics" Type ="System.String"/>
			<Column Name="DefaultStoreID" Type="System.Int32" Cloud="StoreID"/>
		</Table>
		<Table Name="Floormap" PrimaryKey="FloormapID">
			<Column Name="FloormapID" Type ="System.Int32"/>
			<Column Name="FloormapName" Type ="System.String"/>
			<Column Name="DefaultStoreID" Type="System.Int32" Cloud="StoreID"/>
			<Column Name="Height" Type ="System.Int32"/>
			<Column Name="Width" Type ="System.Int32"/>
			<Column Name="ProfileGroupID" Type ="System.Int32"/>
			<Column Name="IsActive" Type ="System.Boolean"/>
			<Column Name="IsDeleted" Type ="System.Boolean"/>
			<Column Name="BackgroundImageID" Type ="System.Int32"/>
			<Column Name="CreatedBy" Type ="System.String"/>
			<Column Name="CreatedTime" Type ="System.DateTime"/>
			<Column Name="LastModifiedBy" Type ="System.String"/>
			<Column Name="LastModifiedTime" Type ="System.DateTime"/>
		</Table>
		<Table Name="DisplayArea" PrimaryKey="DisplayAreaID">
			<Column Name="DisplayAreaID" Type ="System.Int32"/>
			<Column Name="DefaultStoreID" Type="System.Int32" Cloud="StoreID"/>
			<Column Name="DisplayAreaName" Type ="System.String"/>
			<Column Name="FloormapID" Type ="System.Int32"/>
			<Column Name="DisplayAreaTypeID" Type ="System.Int32"/>
			<Column Name="x1" Type ="System.Int32"/>
			<Column Name="x2" Type ="System.Int32"/>
			<Column Name="x3" Type ="System.Int32"/>
			<Column Name="x4" Type ="System.Int32"/>
			<Column Name="y1" Type ="System.Int32"/>
			<Column Name="y2" Type ="System.Int32"/>
			<Column Name="y3" Type ="System.Int32"/>
			<Column Name="y4" Type ="System.Int32"/>
			<Column Name="z1" Type ="System.Int32"/>
			<Column Name="z2" Type ="System.Int32"/>
			<Column Name="z3" Type ="System.Int32"/>
			<Column Name="z4" Type ="System.Int32"/>
			<Column Name="d1" Type ="System.Int32"/>
			<Column Name="d2" Type ="System.Int32"/>
			<Column Name="d3" Type ="System.Int32"/>
			<Column Name="d4" Type ="System.Int32"/>
			<Column Name="AutoDepthFlags" Type ="System.Int16"/>
			<Column Name="DisplayAreaImageID" Type ="System.Int32"/>
			<Column Name="CreatedBy" Type ="System.String"/>
			<Column Name="CreatedByTime" Type ="System.DateTime"/>
			<Column Name="LastModifiedBy" Type ="System.String"/>
			<Column Name="LastModifiedTime" Type ="System.DateTime"/>
		</Table>
		<Table Name="ProductLocation" PrimaryKey="ProductLocationID">
			<Column Name="ProductLocationID" Type ="System.Int32"/>
			<Column Name="ProductLocationName" Type ="System.String"/>
			<Column Name="ProductID" Type ="System.Int32"/>
			<Column Name="DisplayAreaID" Type ="System.Int32"/>
			<Column Name="x1" Type ="System.Double"/>
			<Column Name="x2" Type ="System.Double"/>
			<Column Name="x3" Type ="System.Double"/>
			<Column Name="x4" Type ="System.Double"/>
			<Column Name="y1" Type ="System.Double"/>
			<Column Name="y2" Type ="System.Double"/>
			<Column Name="y3" Type ="System.Double"/>
			<Column Name="y4" Type ="System.Double"/>
			<Column Name="z1" Type ="System.Double"/>
			<Column Name="z2" Type ="System.Double"/>
			<Column Name="z3" Type ="System.Double"/>
			<Column Name="z4" Type ="System.Double"/>
			<Column Name="d1" Type ="System.Int32"/>
			<Column Name="d2" Type ="System.Int32"/>
			<Column Name="d3" Type ="System.Int32"/>
			<Column Name="d4" Type ="System.Int32"/>
			<Column Name="IsDeleted" Type ="System.Boolean"/>
			<Column Name="LastModifiedBy" Type ="System.String"/>
			<Column Name="LastModifiedTime" Type ="System.DateTime"/>
			<Column Name="DefaultStoreID" Type="System.Int32" Cloud="StoreID"/>
		</Table>
		<Table Name="CAG_Transaction_Ex" PrimaryKey="ID">
			<Column Name="ID" Type="System.Int32"/>
			<Column Name="DefaultStoreID" Type="System.Int32" Cloud="StoreID"/>
			<Column Name="Date" Type="System.DateTime"/>
			<Column Name="Count" Type="System.Int32"/>
			<Column Name="TimeDiff_Sum" Type="System.Int32"/>
			<Column Name="LastUpdatedUTC" Type="System.DateTime"/>
			<Column Name="TimeDiff_SumAtPOS" Type="System.Int32"/>
		</Table>
		<Table Name="CAG_TransactionInteractionHour_Ex" PrimaryKey="ID">
			<Column Name="ID" Type="System.Int32"/>
			<Column Name="DefaultStoreID" Type="System.Int32" Cloud="StoreID"/>
			<Column Name="FloormapID" Type="System.Int32"/>
			<Column Name="ProductLocationID" Type="System.Int32"/>
			<Column Name="ProductID" Type="System.Int32"/>
			<Column Name="Interaction_Date" Type="System.DateTime"/>
			<Column Name="Interaction_Count" Type="System.Int32"/>
			<Column Name="Interaction_Length_Sum" Type="System.Int32"/>
			<Column Name="TotalSold" Type="System.Int32"/>
			<Column Name="TotalTransactionAmount" Type="System.Int32"/>
			<Column Name="CustomerCount" Type="System.Int32"/>
			<Column Name="ActiveCustomerCount" Type="System.Int32"/>
			<Column Name="ActiveInteraction_Length_Sum" Type="System.Int32"/>
			<Column Name="ActiveInteraction_Count" Type="System.Int32"/>
			<Column Name="IsManual" Type="System.Boolean"/>
			<Column Name="LastUpdatedUTC" Type="System.DateTime"/>
		</Table>
		<Table Name="Player" PrimaryKey="PlayerID">
			<Column Name="PlayerID" Type ="System.Int32"/>
			<Column Name="PlayerName" Type ="System.String"/>
			<Column Name="IsDeleted" Type ="System.Boolean"/>
			<Column Name="IsActive" Type ="System.Boolean"/>
			<Column Name="LastModifiedBy" Type ="System.Guid"/>
			<Column Name="LastModifiedTime" Type ="System.DateTime"/>
			<Column Name="DefaultStoreID" Type="System.Int32" Cloud="StoreID"/>
		</Table>
		<Table Name="Brand" PrimaryKey="BrandID">
			<Column Name="BrandID" Type ="System.Int32"/>
			<Column Name="BrandName" Type ="System.String"/>
			<Column Name="PlayerID" Type ="System.Int32"/>
			<Column Name="IsDeleted" Type ="System.Boolean"/>
			<Column Name="IsActive" Type ="System.Boolean"/>
			<Column Name="LastModifiedBy" Type ="System.Guid"/>
			<Column Name="LastModifiedTime" Type ="System.DateTime"/>
			<Column Name="DefaultStoreID" Type="System.Int32" Cloud="StoreID"/>
		</Table>
		<Table Name="SKU" PrimaryKey="SKUID">
			<Column Name="SKUID" Type ="System.Int32"/>
			<Column Name="SKUName" Type ="System.String"/>
			<Column Name="BrandID" Type ="System.Int32"/>
			<Column Name="ProductCategoryID" Type ="System.Int32"/>
			<Column Name="IsDeleted" Type ="System.Boolean"/>
			<Column Name="IsActive" Type ="System.Boolean"/>
			<Column Name="LastModifiedBy" Type ="System.Guid"/>
			<Column Name="LastModifiedTime" Type ="System.DateTime"/>
			<Column Name="DefaultStoreID" Type="System.Int32" Cloud="StoreID"/>
			<Column Name="SKUCODE" Type ="System.String"/>
		</Table>
		<Table Name="Product" PrimaryKey="ProductID">
			<Column Name="ProductID" Type ="System.Int32"/>
			<Column Name="ProductFullName" Type ="System.String"/>
			<Column Name="ProductDisplayName" Type ="System.String"/>
			<Column Name="ProductLargeImagePath" Type ="System.String"/>
			<Column Name="ProductThumbnailPath" Type ="System.String"/>
			<Column Name="ProductPrice" Type ="System.Double"/>
			<Column Name="ProductDescription" Type ="System.String"/>
			<Column Name="IsDeleted" Type ="System.Boolean"/>
			<Column Name="LastModifiedBy" Type ="System.String"/>
			<Column Name="LastModifiedTime" Type ="System.DateTime"/>
			<Column Name="ProductThumbnailImageID" Type ="System.Int32"/>
			<Column Name="YouTubeVideoID" Type ="System.String"/>
			<Column Name="ProductCategoryID" Type ="System.Int32"/>
			<Column Name="SKUID" Type ="System.Int32"/>
			<Column Name="DefaultStoreID" Type="System.Int32" Cloud="StoreID"/>
		</Table>
		<Table Name="CAG_Transaction" PrimaryKey="TransactionID">
			<Column Name="TransactionID" Type="System.Int32"/>
			<Column Name="DefaultStoreID" Type="System.Int32" Cloud="StoreID"/>
			<Column Name="ShopperID" Type="System.Int32"/>
			<Column Name="StartTime" Type="System.DateTime"/>
			<Column Name="EndTime" Type="System.DateTime"/>
			<Column Name="POSID" Type="System.String"/>
		</Table>
		<Table Name="CAG_TransactionDetail" PrimaryKey="TransactionDetailID">
			<Column Name="TransactionID" Type="System.Int32"/>
			<Column Name="DefaultStoreID" Type="System.Int32" Cloud="StoreID"/>
			<Column Name="PLU" Type="System.String"/>
			<Column Name="SKUCODE" Type="System.String"/>
			<Column Name="SKUDesc" Type="System.String"/>
			<Column Name="Quantity" Type="System.Int32"/>
			<Column Name="UnitPrice" Type="System.Int32"/>
			<Column Name="ProductID" Type="System.Int32"/>
		</Table>
		<Table Name="CAG_Customer" PrimaryKey="ID">
			<Column Name="ID" Type="System.Int32"/>
			<Column Name="DefaultStoreID" Type="System.Int32" Cloud="StoreID"/>
			<Column Name="CustomerID" Type="System.Guid" />
			<Column Name="CustomerIntID" Type="System.Int32"/>
			<Column Name="FirstSeen" Type="System.DateTime"/>
			<Column Name="LastSeen" Type="System.DateTime"/>
		</Table>
		<!--<Table Name="CAG_CustomerTracking" PrimaryKey="ID">
			<Column Name="ID" Type="System.Int32"/>
			<Column Name="DefaultStoreID" Type="System.Int32" Cloud="StoreID"/>
			<Column Name="CustomerID" Type="System.Guid" />
			<Column Name="CustomerIntID" Type="System.Int32"/>
			<Column Name="FirstSeen" Type="System.DateTime"/>
			<Column Name="LastSeen" Type="System.DateTime"/>
		</Table>-->


		<Table Name="InteractionProductAttached_Ex" PrimaryKey="ID">
			<Column Name="ID" Type="System.Int32"/>
			<Column Name="DefaultStoreID" Type="System.Int32" Cloud="StoreID"/>
			<Column Name="InteractionDate" Type="System.DateTime"/>
			<Column Name="ProductID1" Type="System.Int32"/>
			<Column Name="ProductID2" Type="System.Int32"/>
			<Column Name="ViewCount" Type="System.Int32"/>
			<Column Name="LastUpdatedUTC" Type="System.DateTime"/>
		</Table>
		<Table Name="InteractionProductSubstitution_Ex" PrimaryKey="ID">
			<Column Name="ID" Type="System.Int32"/>
			<Column Name="DefaultStoreID" Type="System.Int32" Cloud="StoreID"/>
			<Column Name="InteractionDate" Type="System.DateTime"/>
			<Column Name="ProductID1" Type="System.Int32"/>
			<Column Name="ProductID2" Type="System.Int32"/>
			<Column Name="ViewCount" Type="System.Int32"/>
			<Column Name="LastUpdatedUTC" Type="System.DateTime"/>
		</Table>

		<Table Name="PathTrackingData_Dr" PrimaryKey="ID">
			<Column Name="ID" Type="System.Int32"/>
			<Column Name="DefaultStoreID" Type="System.Int32" Cloud="StoreID"/>
			<Column Name="DisplayAreaID" Type="System.Int32"/>
			<Column Name="CustomerID" Type="System.Int32"/>
			<Column Name="Time" Type="System.String"/>
			<Column Name="FloormapID" Type="System.Int32"/>
			<Column Name="JRank" Type="System.Int32"/>
			<Column Name="HasValidNeighbour" Type="System.Boolean"/>
			<Column Name="PathRank" Type="System.Int32"/>
			<Column Name="RepairedComment" Type="System.String"/>
			<Column Name="ValidEnterExit" Type="System.Boolean"/>

		</Table>

	</Update>
	<Derived>
		<Table Name="InteractionDateApple_Ex" PrimaryKey="ID">
			<Column Name="Interaction_Count" Type="System.Int32"/>
			<Column Name="InteractionLength_Sum" Type="System.Int32"/>
			<Column Name="CustomerCount" Type="System.Int32"/>
		</Table>
		<Table Name="InteractionDate_Ex" PrimaryKey="ID">
			<Column Name="Interaction_Count" Type="System.Int32"/>
			<Column Name="InteractionLength_Sum" Type="System.Int32"/>
			<Column Name="CustomerCount" Type="System.Int32"/>
		</Table>
		<Table Name="InteractionHour_Ex" PrimaryKey="ID">
			<Column Name="Interaction_Count" Type="System.Int32"/>
			<Column Name="Interaction_Length_Sum" Type="System.Int32"/>
			<Column Name="CustomerCount" Type="System.Int32"/>
		</Table>
		<Table Name="CustomerInteraction_EX" PrimaryKey="ID">
			<Column Name="CustomerCount" Type="System.Int32"/>
			<Column Name="InteractionLengthSum" Type="System.Int32"/>
		</Table>
		<Table Name="InteractionTrackingDate_Ex" PrimaryKey="ID">
			<Column Name="Interaction_Count" Type="System.Int32"/>
			<Column Name="InteractionLength_Sum" Type="System.Int32"/>
		</Table>
		<Table Name="InteractionProduct_Ex" PrimaryKey="ID">
			<Column Name="ViewCount" Type="System.Int32"/>
		</Table>
		<Table Name="Customer_Ex" PrimaryKey="ID">
			<Column Name="Count" Type="System.Int32"/>
			<Column Name="TimeDiff_Sum" Type="System.Int32"/>
		</Table>
		<Table Name="Customer_Dr" PrimaryKey="ID">
			<Column Name="Count" Type="System.Int32"/>
			<Column Name="TimeDiff_Sum" Type="System.Int32"/>
		</Table>
		<Table Name="CustomerToDisplayArea" PrimaryKey="ID">
			<Column Name="CustomerCount" Type="System.Int32"/>
		</Table>
		<Table Name="CompressedPaths" PrimaryKey="ID">
			<Column Name="Count" Type="System.Int32"/>
		</Table>
		<Table Name="CompressedPathsDR" PrimaryKey="ID">
			<Column Name="Count" Type="System.Int32"/>
		</Table>
		<Table Name="CompressedFlow_Dr" PrimaryKey="ID">
			<Column Name="A2BTimeSum" Type="System.Int32"/>
			<Column Name="B2ATimeSum" Type="System.Int32"/>
			<Column Name="A2B" Type="System.Int32"/>
			<Column Name="B2A" Type="System.Int32"/>
		</Table>
		<Table Name="ShopperToDisplayArea_EX" PrimaryKey="ID">
			<Column Name="CustomerCount" Type="System.Int32"/>
		</Table>
		<Table Name="ShopperInteraction_EX" PrimaryKey="ID">
			<Column Name="CustomerCount" Type="System.Int32"/>
			<Column Name="InteractionLengthSum" Type="System.Int32"/>
		</Table>
		<Table Name="CustomerShopper_EX" PrimaryKey="ID">
			<Column Name="Count" Type="System.Int32"/>
		</Table>
		<Table Name="ShopperEntry_EX" PrimaryKey="ID">
			<Column Name="ShoppersCount" Type="System.Int32"/>
		</Table>
		<Table Name="ShopperEntryTP_Ex" PrimaryKey="ID" DateColumn = "Date">
			<Column Name="EntryCounts" Type="System.Int32"/>
			<Column Name="ExitCounts" Type="System.Int32"/>
		</Table>
		<Table Name="CustomerTrackingDate_Ex" PrimaryKey="ID">
			<Column Name="Tracking_Count" Type="System.Int32"/>
		</Table>
		<Table Name="CustomerTrackingDate_Dr" PrimaryKey="ID">
			<Column Name="Tracking_Count" Type="System.Int32"/>
		</Table>
		<Table Name="ShopperTrackingDate_Dr" PrimaryKey="ID">
			<Column Name="Tracking_Count" Type="System.Int32"/>
			<Column Name="TrackingLength" Type="System.Int32"/>
		</Table>
	</Derived>
</TableMapping>
